Emma,Collins,emma.collins@example.com,555-555-5555
William,Jones,william.jones@example.com,555-123-4567
Sophia,Lopez,sophia.lopez@example.com,555-987-6543
Mason,Martinez,mason.martinez@example.com,555-555-5555
Isabella,Johnson,isabella.johnson@example.com,555-123-4567
Ethan,Martin,ethan.martin@example.com,555-987-6543
Ava,Rodriguez,ava.rodriguez@example.com,555-555-5555
Liam,Hernandez,liam.hernandez@example.com,555-123-4567
Mia,Garcia,mia.garcia@example.com,555-987-6543
Noah,Gonzalez,noah.gonzalez@example.com,555-555-5555
Olivia,Perez,olivia.perez@example.com,555-123-4567
Jacob,Smith,jacob.smith@example.com,555-987-6543
Emily,Campbell,emily.campbell@example.com,555-555-5555
Michael,Ramirez,michael.ramirez@example.com,555-123-4567
Abigail,Reed,abigail.reed@example.com,555-987-6543
Elijah,Turner,elijah.turner@example.com,555-555-5555
Sofia,Phillips,sofia.phillips@example.com,555-123-4567
Alexander,Campbell,alexander.campbell@example.com,555-987-6543
Madison,Garcia,madison.garcia@example.com,555-555-5555
Daniel,King,daniel.king@example.com,555-123-4567
Charlotte,Clark,charlotte.clark@example.com,555-987-6543
Matthew,Collins,matthew.collins@example.com,555-555-5555
Chloe,Flores,chloe.flores@example.com,555-123-4567
Evelyn,Morris,evelyn.morris@example.com,555-987-6543
Christopher,Nguyen,christopher.nguyen@example.com,555-555-5555
Elizabeth,Perez,elizabeth.perez@example.com,555-123-4567
Aiden,Rivera,aiden.rivera@example.com,555-987-6543
Avery,Roberts,avery.roberts@example.com,555-555-5555
Joshua,Stewart,joshua.stewart@example.com,555-123-4567
Scarlett,Phillips,scarlett.phillips@example.com,555-987-6543
Benjamin,Ramirez,benjamin.ramirez@example.com,555-555-5555
Victoria,Gonzalez,victoria.gonzalez@example.com,555-123-4567
Ella,Walker,ella.walker@example.com,555-987-6543
Ryan,Howard,ryan.howard@example.com,555-555-5555
Grace,Scott,grace.scott@example.com,555-123-4567
David,Wright,david.wright@example.com,555-987-6543
Dylan,Martin,dylan.martin@example.com,555-555-5555
Hannah,Lopez,hannah.lopez@example.com,555-123-4567
Oliver,Harris,oliver.harris@example.com,555-555-5555
Sophia,Jackson,sophia.jackson@example.com,555-123-4567
Noah,Parker,noah.parker@example.com,555-987-6543
Ava,Allen,ava.allen@example.com,555-555-5555
William,Baker,william.baker@example.com,555-123-4567
Charlotte,Ross,charlotte.ross@example.com,555-987-6543
James,Mitchell,james.mitchell@example.com,555-555-5555
Emma,Watson,emma.watson@example.com,555-123-4567
Benjamin,Hughes,benjamin.hughes@example.com,555-987-6543
Isabella,Powell,isabella.powell@example.com,555-555-5555
Lucas,Ramirez,lucas.ramirez@example.com,555-123-4567
Amelia,Young,amelia.young@example.com,555-987-6543
Henry,Collins,henry.collins@example.com,555-555-5555
Mia,Campbell,mia.campbell@example.com,555-123-4567
Liam,Turner,liam.turner@example.com,555-987-6543
Avery,Cox,avery.cox@example.com,555-555-5555
Mason,Ross,mason.ross@example.com,555-123-4567
Emily,Hall,emily.hall@example.com,555-987-6543
Ethan,Gonzalez,ethan.gonzalez@example.com,555-555-5555
Chloe,Phillips,chloe.phillips@example.com,555-123-4567
Elijah,Foster,elijah.foster@example.com,555-555-5555
Harper,Butler,harper.butler@example.com,555-123-4567
Evelyn,Gibson,evelyn.gibson@example.com,555-987-6543
Alexander,Barnes,alexander.barnes@example.com,555-555-5555
Luna,Fisher,luna.fisher@example.com,555-123-4567
Michael,Cole,michael.cole@example.com,555-987-6543
Sofia,West,sofia.west@example.com,555-555-5555
Jackson,Stewart,jackson.stewart@example.com,555-123-4567
Scarlett,Reed,scarlett.reed@example.com,555-987-6543
Daniel,Morales,daniel.morales@example.com,555-555-5555
Victoria,Nguyen,victoria.nguyen@example.com,555-123-4567
Carter,Ferguson,carter.ferguson@example.com,555-987-6543
Madison,Hill,madison.hill@example.com,555-555-5555
David,Anderson,david.anderson@example.com,555-123-4567
Aaliyah,Green,aaliyah.green@example.com,555-987-6543
Luke,Cruz,luke.cruz@example.com,555-555-5555
Aria,Adams,aria.adams@example.com,555-123-4567
Owen,Pearson,owen.pearson@example.com,555-987-6543
Nora,Reyes,nora.reyes@example.com,555-555-5555
Leo,Howard,leo.howard@example.com,555-123-4567
